,timestamp,price,volume,count,pair,dates
0,1653865200000,29431.263761470556,1149.9228292899993,26687,btc-usd,2022-05-29 23:00:00
1,1653861600000,29385.457835009787,3369.61585724998,48313,btc-usd,2022-05-29 22:00:00
2,1653858000000,29175.077613664955,631.7865492800006,24612,btc-usd,2022-05-29 21:00:00
3,1653854400000,29122.69294094071,867.8855770000017,29223,btc-usd,2022-05-29 20:00:00
4,1653850800000,29091.22097957182,1332.3038939300015,29143,btc-usd,2022-05-29 19:00:00
5,1653847200000,29189.631124973672,743.9654027500014,25169,btc-usd,2022-05-29 18:00:00
6,1653843600000,29238.079472899793,757.2905519300018,25292,btc-usd,2022-05-29 17:00:00
7,1653840000000,29282.334762838233,1291.8498330000025,28093,btc-usd,2022-05-29 16:00:00
8,1653836400000,29181.46900124278,1763.2772414999984,32849,btc-usd,2022-05-29 15:00:00
9,1653832800000,29305.6860114567,869.4484025600023,25651,btc-usd,2022-05-29 14:00:00
10,1653829200000,29344.64417420385,981.6798944700039,27564,btc-usd,2022-05-29 13:00:00
11,1653825600000,29358.513870730778,3182.893845939992,41502,btc-usd,2022-05-29 12:00:00
12,1653822000000,29170.971298095148,1124.3016172200028,23623,btc-usd,2022-05-29 11:00:00
13,1653818400000,29100.565053881717,1242.793832969985,23180,btc-usd,2022-05-29 10:00:00
14,1653814800000,28974.596263359632,765.2765168799931,19760,btc-usd,2022-05-29 09:00:00
15,1653811200000,29070.924199472385,1011.4288467500043,22170,btc-usd,2022-05-29 08:00:00
16,1653807600000,28981.39772202342,349.79567698000426,14306,btc-usd,2022-05-29 07:00:00
17,1653804000000,28998.64130491378,512.6924258900044,15859,btc-usd,2022-05-29 06:00:00
18,1653800400000,28961.64800713045,644.4624263600034,18233,btc-usd,2022-05-29 05:00:00
19,1653796800000,28921.86996119404,583.6331578000049,18475,btc-usd,2022-05-29 04:00:00
20,1653793200000,28906.222065615704,558.4784804699999,19955,btc-usd,2022-05-29 03:00:00
21,1653789600000,28855.78911407584,815.8925423500037,23870,btc-usd,2022-05-29 02:00:00
22,1653786000000,28932.605196259225,984.9700691599955,29707,btc-usd,2022-05-29 01:00:00
23,1653782400000,28983.272539533446,943.2293051799727,26020,btc-usd,2022-05-29 00:00:00
24,1653778800000,29053.710552179567,1074.6380088799983,28601,btc-usd,2022-05-28 23:00:00
25,1653775200000,28968.79111093642,620.0240086400041,26867,btc-usd,2022-05-28 22:00:00
26,1653771600000,28997.5806000099,682.6543329600108,27320,btc-usd,2022-05-28 21:00:00
27,1653768000000,28983.581131450486,626.8650413200044,24154,btc-usd,2022-05-28 20:00:00
28,1653764400000,28978.069046260996,713.0557336000032,26185,btc-usd,2022-05-28 19:00:00
29,1653760800000,28930.06045680287,746.8604043500029,26258,btc-usd,2022-05-28 18:00:00
30,1653757200000,28869.481086877047,2019.7538865199826,38825,btc-usd,2022-05-28 17:00:00
31,1653753600000,28965.97210590009,896.3080179599992,29260,btc-usd,2022-05-28 16:00:00
32,1653750000000,28972.722391594576,1188.4658330499958,29676,btc-usd,2022-05-28 15:00:00
33,1653746400000,28970.926025683075,1290.1042103199834,30974,btc-usd,2022-05-28 14:00:00
34,1653742800000,29072.857531575188,2018.5232218399585,41419,btc-usd,2022-05-28 13:00:00
35,1653739200000,28909.044062571847,1580.0866139400023,32269,btc-usd,2022-05-28 12:00:00
36,1653735600000,28830.048931297482,1145.115082149992,23357,btc-usd,2022-05-28 11:00:00
37,1653732000000,28778.044848716025,821.927942290004,18697,btc-usd,2022-05-28 10:00:00
38,1653728400000,28803.73262623593,773.6637045900013,18372,btc-usd,2022-05-28 09:00:00
39,1653724800000,28826.38788911925,728.1193760999934,20163,btc-usd,2022-05-28 08:00:00
40,1653721200000,28826.98768728832,686.4321055500001,19420,btc-usd,2022-05-28 07:00:00
41,1653717600000,28835.1783801682,933.0849789599931,20828,btc-usd,2022-05-28 06:00:00
42,1653714000000,28858.30102831174,1482.1154432300086,26445,btc-usd,2022-05-28 05:00:00
43,1653710400000,28800.35836441862,1411.6238168499885,24181,btc-usd,2022-05-28 04:00:00
44,1653706800000,28716.108890180112,1211.7502957099955,29411,btc-usd,2022-05-28 03:00:00
45,1653703200000,28638.13049703715,1018.177527679999,29840,btc-usd,2022-05-28 02:00:00
46,1653699600000,28604.51759713719,3069.2503464699876,42217,btc-usd,2022-05-28 01:00:00
47,1653696000000,28686.610539082267,1584.7602856499932,37572,btc-usd,2022-05-28 00:00:00
48,1653692400000,28641.371297674068,2697.7010470599757,47668,btc-usd,2022-05-27 23:00:00
49,1653688800000,28794.44117659849,1610.8857361199966,34537,btc-usd,2022-05-27 22:00:00
50,1653685200000,28758.935837125107,1700.5083433399782,39974,btc-usd,2022-05-27 21:00:00
51,1653681600000,28843.521885066493,3032.141388329991,55018,btc-usd,2022-05-27 20:00:00
52,1653678000000,28666.09822674574,5798.808664249947,73014,btc-usd,2022-05-27 19:00:00
53,1653674400000,28351.63524871105,4713.015301069933,68491,btc-usd,2022-05-27 18:00:00
54,1653670800000,28476.018463800083,7606.5201156599105,94775,btc-usd,2022-05-27 17:00:00
55,1653667200000,28739.167404504242,3454.6103526899606,59730,btc-usd,2022-05-27 16:00:00
56,1653663600000,28774.75166201264,4733.810156629943,81135,btc-usd,2022-05-27 15:00:00
57,1653660000000,29013.656665363083,4805.4581609899715,79108,btc-usd,2022-05-27 14:00:00
58,1653656400000,29223.36973548193,3675.6055852499862,64164,btc-usd,2022-05-27 13:00:00
59,1653652800000,29083.70087112917,4539.174287389953,64776,btc-usd,2022-05-27 12:00:00
60,1653649200000,28915.873071494294,2533.825412779983,44681,btc-usd,2022-05-27 11:00:00
61,1653645600000,28894.71905599653,2245.6164051699952,42484,btc-usd,2022-05-27 10:00:00
62,1653642000000,28964.627969999136,2141.275429959986,38300,btc-usd,2022-05-27 09:00:00
63,1653638400000,28975.309092374315,4089.6497823399786,53224,btc-usd,2022-05-27 08:00:00
64,1653634800000,29015.504868675504,3707.611455379968,49719,btc-usd,2022-05-27 07:00:00
65,1653631200000,28751.06961249984,4658.7259138399595,62005,btc-usd,2022-05-27 06:00:00
66,1653627600000,28827.47584499442,3923.104705319969,55053,btc-usd,2022-05-27 05:00:00
67,1653624000000,28931.695596799447,2391.4677168299886,40933,btc-usd,2022-05-27 04:00:00
68,1653620400000,29026.17315572992,1865.3623014299878,41415,btc-usd,2022-05-27 03:00:00
69,1653616800000,28918.873927134428,3449.7733910699653,61772,btc-usd,2022-05-27 02:00:00
70,1653613200000,28957.209485241157,4672.11546468995,68746,btc-usd,2022-05-27 01:00:00
71,1653609600000,29161.853607860623,3755.7343398399744,61746,btc-usd,2022-05-27 00:00:00
72,1653606000000,29362.785363582763,2815.0961024199632,50894,btc-usd,2022-05-26 23:00:00
73,1653602400000,29546.84609226779,1584.2994689399957,33930,btc-usd,2022-05-26 22:00:00
74,1653598800000,29558.10620835208,1875.4212243100033,40194,btc-usd,2022-05-26 21:00:00
75,1653595200000,29383.670113780903,2489.955410219992,46402,btc-usd,2022-05-26 20:00:00
76,1653591600000,29436.976236406077,3064.77370058999,52933,btc-usd,2022-05-26 19:00:00
77,1653588000000,29556.392653604726,2537.5522179799973,49567,btc-usd,2022-05-26 18:00:00
78,1653584400000,29544.99427235349,3722.06407052999,51224,btc-usd,2022-05-26 17:00:00
79,1653580800000,29577.436797242797,6234.955516959975,75268,btc-usd,2022-05-26 16:00:00
80,1653577200000,29355.342178264505,4870.534118399976,64185,btc-usd,2022-05-26 15:00:00
81,1653573600000,29117.463900499657,9790.242580359969,109304,btc-usd,2022-05-26 14:00:00
82,1653570000000,28423.444869624695,18545.585191329945,184471,btc-usd,2022-05-26 13:00:00
83,1653566400000,28904.19435739112,6040.550125960006,74942,btc-usd,2022-05-26 12:00:00
84,1653562800000,29021.472660941523,4134.283056959987,59177,btc-usd,2022-05-26 11:00:00
85,1653559200000,29169.80476904461,1448.7542947599977,30936,btc-usd,2022-05-26 10:00:00
86,1653555600000,29036.880481789623,5155.926127149975,63911,btc-usd,2022-05-26 09:00:00
87,1653552000000,29193.236467384726,6594.287697529973,82516,btc-usd,2022-05-26 08:00:00
88,1653548400000,29637.38008632599,1739.7072066899716,30410,btc-usd,2022-05-26 07:00:00
89,1653544800000,29575.252107015545,2968.1611489899765,39333,btc-usd,2022-05-26 06:00:00
90,1653541200000,29704.74526546122,1837.6519914799987,34031,btc-usd,2022-05-26 05:00:00
91,1653537600000,29791.770714134243,1354.9023216300068,29032,btc-usd,2022-05-26 04:00:00
92,1653534000000,29746.84212654569,1963.8875147600052,36898,btc-usd,2022-05-26 03:00:00
93,1653530400000,29749.492636253435,1626.1781101200086,35574,btc-usd,2022-05-26 02:00:00
94,1653526800000,29689.221679787526,2240.5849819800055,37549,btc-usd,2022-05-26 01:00:00
95,1653523200000,29693.253205747314,2302.7416497399954,43148,btc-usd,2022-05-26 00:00:00
96,1653519600000,29615.41513973796,2644.2040088399967,39241,btc-usd,2022-05-25 23:00:00
97,1653516000000,29774.13806248461,1254.913423320008,30522,btc-usd,2022-05-25 22:00:00
98,1653512400000,29761.973624830374,1308.7880316100102,34010,btc-usd,2022-05-25 21:00:00
99,1653508800000,29638.653487049876,2124.2953155000055,40956,btc-usd,2022-05-25 20:00:00
100,1653505200000,29757.162063959844,2925.2907989799673,50002,btc-usd,2022-05-25 19:00:00
101,1653501600000,29834.362647349357,6788.619728589945,98030,btc-usd,2022-05-25 18:00:00
102,1653498000000,29633.914279761124,1862.5995633399948,40129,btc-usd,2022-05-25 17:00:00
103,1653494400000,29522.19632661815,2868.8004440499626,50342,btc-usd,2022-05-25 16:00:00
104,1653490800000,29661.40339783092,2635.7023552299825,46817,btc-usd,2022-05-25 15:00:00
105,1653487200000,29769.156878494712,3847.6722576699863,64837,btc-usd,2022-05-25 14:00:00
106,1653483600000,29626.84624657759,4094.918833369986,62280,btc-usd,2022-05-25 13:00:00
107,1653480000000,29452.95356039999,2340.3931427299904,41639,btc-usd,2022-05-25 12:00:00
108,1653476400000,29476.25288256136,3621.897311759987,46828,btc-usd,2022-05-25 11:00:00
109,1653472800000,29741.11504916472,1464.3925602999911,25208,btc-usd,2022-05-25 10:00:00
110,1653469200000,29739.99609754266,1684.1906585399831,27593,btc-usd,2022-05-25 09:00:00
111,1653465600000,29726.18845977438,2590.6149168199736,34700,btc-usd,2022-05-25 08:00:00
112,1653462000000,29747.487272498627,1390.8196171899958,25336,btc-usd,2022-05-25 07:00:00
113,1653458400000,29753.62037838059,2236.1467334399895,34555,btc-usd,2022-05-25 06:00:00
114,1653454800000,29967.75272329703,2069.206972629995,32325,btc-usd,2022-05-25 05:00:00
115,1653451200000,30094.729374666174,1886.1873405799945,31043,btc-usd,2022-05-25 04:00:00
116,1653447600000,30117.252774596855,2684.002976539981,39036,btc-usd,2022-05-25 03:00:00
117,1653444000000,29956.734303492543,4075.53234774995,55879,btc-usd,2022-05-25 02:00:00
118,1653440400000,29656.327144246417,1866.4014438599906,31464,btc-usd,2022-05-25 01:00:00
119,1653436800000,29583.750857900744,1701.222418939989,31674,btc-usd,2022-05-25 00:00:00
120,1653433200000,29689.20005645008,3420.2450202099844,44100,btc-usd,2022-05-24 23:00:00
121,1653429600000,29561.29762876865,1666.9389896300013,30697,btc-usd,2022-05-24 22:00:00
122,1653426000000,29507.224077549698,2017.6920547700006,38948,btc-usd,2022-05-24 21:00:00
123,1653422400000,29358.60480275447,1532.7112953300007,36247,btc-usd,2022-05-24 20:00:00
124,1653418800000,29308.761625443163,2870.308951279986,55086,btc-usd,2022-05-24 19:00:00
125,1653415200000,29294.217010292938,3213.841250619987,56486,btc-usd,2022-05-24 18:00:00
126,1653411600000,29239.25035603018,2706.033984939993,51596,btc-usd,2022-05-24 17:00:00
127,1653408000000,29393.67749131594,4331.088684429964,63949,btc-usd,2022-05-24 16:00:00
128,1653404400000,29246.885762074,5897.391409449975,79955,btc-usd,2022-05-24 15:00:00
129,1653400800000,28856.003757259226,8101.727440729972,110636,btc-usd,2022-05-24 14:00:00
130,1653397200000,29131.638423922253,4074.070443589985,66785,btc-usd,2022-05-24 13:00:00
131,1653393600000,29213.630127699606,1955.698239769988,34568,btc-usd,2022-05-24 12:00:00
132,1653390000000,29291.490691091683,1566.7413379999946,30744,btc-usd,2022-05-24 11:00:00
133,1653386400000,29292.431802121133,1663.1136109399993,28246,btc-usd,2022-05-24 10:00:00
134,1653382800000,29223.424146919067,1682.5544013099884,31655,btc-usd,2022-05-24 09:00:00
135,1653379200000,29260.658270906348,1681.7454121499964,30104,btc-usd,2022-05-24 08:00:00
136,1653375600000,29348.670757369986,1462.3791176699972,25486,btc-usd,2022-05-24 07:00:00
137,1653372000000,29309.692244705257,1628.6155664899907,26221,btc-usd,2022-05-24 06:00:00
138,1653368400000,29348.813173864524,1391.1107258899974,22241,btc-usd,2022-05-24 05:00:00
139,1653364800000,29325.20455976649,1437.322505339992,28720,btc-usd,2022-05-24 04:00:00
140,1653361200000,29266.30967182897,1214.6868905299934,25723,btc-usd,2022-05-24 03:00:00
141,1653357600000,29219.7304533775,1338.8039969200008,30506,btc-usd,2022-05-24 02:00:00
142,1653354000000,29135.091871886365,1371.3933835199955,31407,btc-usd,2022-05-24 01:00:00
143,1653350400000,29165.394999679378,1901.419756199995,38512,btc-usd,2022-05-24 00:00:00
144,1653346800000,29039.56304085554,3378.323535209979,55777,btc-usd,2022-05-23 23:00:00
145,1653343200000,29143.056558532066,3699.97416531999,60140,btc-usd,2022-05-23 22:00:00
146,1653339600000,29354.336226157204,2216.362698159992,40099,btc-usd,2022-05-23 21:00:00
147,1653336000000,29242.8881163016,3983.6658412399856,63771,btc-usd,2022-05-23 20:00:00
148,1653332400000,29356.90880913491,10035.52372714995,121849,btc-usd,2022-05-23 19:00:00
149,1653328800000,30010.96441067157,2914.3744168699895,51379,btc-usd,2022-05-23 18:00:00
150,1653325200000,30088.02734314961,3020.6324246399863,51189,btc-usd,2022-05-23 17:00:00
151,1653321600000,30359.098384594297,3905.7581797199773,52252,btc-usd,2022-05-23 16:00:00
152,1653318000000,30369.618539925996,3305.4071737999857,50855,btc-usd,2022-05-23 15:00:00
153,1653314400000,30146.012946293118,5199.43501182996,76544,btc-usd,2022-05-23 14:00:00
154,1653310800000,30374.745814472266,5350.446136089953,83781,btc-usd,2022-05-23 13:00:00
155,1653307200000,30440.693613424173,2706.4181804499767,43271,btc-usd,2022-05-23 12:00:00
156,1653303600000,30460.12768949697,2272.301540459983,36810,btc-usd,2022-05-23 11:00:00
157,1653300000000,30449.525086457386,1957.6155341699873,30383,btc-usd,2022-05-23 10:00:00
158,1653296400000,30350.73380437188,2068.9916115299875,32985,btc-usd,2022-05-23 09:00:00
159,1653292800000,30365.380658688115,2072.6339015599833,34033,btc-usd,2022-05-23 08:00:00
160,1653289200000,30510.154009467595,2480.900609489985,38852,btc-usd,2022-05-23 07:00:00
161,1653285600000,30444.2653391293,3411.30632245998,46208,btc-usd,2022-05-23 06:00:00
162,1653282000000,30182.64672007148,1448.7575379499976,28531,btc-usd,2022-05-23 05:00:00
163,1653278400000,30163.8551962928,1183.1390094899991,25211,btc-usd,2022-05-23 04:00:00
164,1653274800000,30122.846007308122,1429.9798641700036,27692,btc-usd,2022-05-23 03:00:00
165,1653271200000,30088.88828350653,1931.952135009995,34963,btc-usd,2022-05-23 02:00:00
166,1653267600000,30191.131535308847,2115.3434948399836,33512,btc-usd,2022-05-23 01:00:00
167,1653264000000,30274.977908021658,2009.6198711499978,43336,btc-usd,2022-05-23 00:00:00
168,1653260400000,30358.433396417287,2285.24030731,40656,btc-usd,2022-05-22 23:00:00
169,1653256800000,30257.051860340587,4190.96490060997,62682,btc-usd,2022-05-22 22:00:00
170,1653253200000,29973.63849159727,1230.8965653100024,32056,btc-usd,2022-05-22 21:00:00
171,1653249600000,29980.17789364824,1124.6531871999991,28468,btc-usd,2022-05-22 20:00:00
172,1653246000000,29971.242839265695,1107.8097143199964,30727,btc-usd,2022-05-22 19:00:00
173,1653242400000,29936.130851684986,1234.334618379999,32472,btc-usd,2022-05-22 18:00:00
174,1653238800000,29990.623243519953,2686.6837278699686,47031,btc-usd,2022-05-22 17:00:00
175,1653235200000,29834.13804651858,1702.304730279985,36769,btc-usd,2022-05-22 16:00:00
176,1653231600000,29772.683184900827,2520.4203108199713,42045,btc-usd,2022-05-22 15:00:00
177,1653228000000,29985.255906389077,1857.0165085699914,33888,btc-usd,2022-05-22 14:00:00
178,1653224400000,30043.813338889275,1380.951964609992,30580,btc-usd,2022-05-22 13:00:00
179,1653220800000,30052.272177070277,2112.89163753,38385,btc-usd,2022-05-22 12:00:00
180,1653217200000,29970.79721052894,3005.145994109987,43669,btc-usd,2022-05-22 11:00:00
181,1653213600000,30166.047513408874,2784.2545769700014,45688,btc-usd,2022-05-22 10:00:00
182,1653210000000,29881.49635192729,4284.487207499966,57043,btc-usd,2022-05-22 09:00:00
183,1653206400000,29471.094187675786,1265.8038797699974,23327,btc-usd,2022-05-22 08:00:00
184,1653202800000,29369.987789972885,855.6814464600006,18991,btc-usd,2022-05-22 07:00:00
185,1653199200000,29358.9811269335,654.8175099500022,15632,btc-usd,2022-05-22 06:00:00
186,1653195600000,29329.654068387692,755.5778168900019,19928,btc-usd,2022-05-22 05:00:00
187,1653192000000,29284.302892139516,935.3103320000046,23692,btc-usd,2022-05-22 04:00:00
188,1653188400000,29378.204188011063,865.8317111500005,21464,btc-usd,2022-05-22 03:00:00
189,1653184800000,29400.53668180457,770.9567295900018,21373,btc-usd,2022-05-22 02:00:00
190,1653181200000,29471.602597419605,660.8662498200016,19508,btc-usd,2022-05-22 01:00:00
191,1653177600000,29420.76497239921,714.0038169800002,21806,btc-usd,2022-05-22 00:00:00
192,1653174000000,29427.929106356372,777.0551586900012,22295,btc-usd,2022-05-21 23:00:00
193,1653170400000,29324.561985840675,921.5620273600039,25333,btc-usd,2022-05-21 22:00:00
194,1653166800000,29377.89073183547,798.4876537500023,25290,btc-usd,2022-05-21 21:00:00
195,1653163200000,29407.34418010918,830.9952810399973,24118,btc-usd,2022-05-21 20:00:00
196,1653159600000,29460.482722462555,875.6055536399997,26730,btc-usd,2022-05-21 19:00:00
197,1653156000000,29422.01647774037,892.292032080004,28067,btc-usd,2022-05-21 18:00:00
198,1653152400000,29446.197299777516,1338.619348940003,33485,btc-usd,2022-05-21 17:00:00
199,1653148800000,29527.78822899572,1697.2076605899692,36938,btc-usd,2022-05-21 16:00:00
200,1653145200000,29413.15295756435,2614.079485719956,42589,btc-usd,2022-05-21 15:00:00
201,1653141600000,29316.373627277582,1759.0189807499746,36599,btc-usd,2022-05-21 14:00:00
202,1653138000000,29282.514119374202,1201.3407800899677,26585,btc-usd,2022-05-21 13:00:00
203,1653134400000,29242.169163981973,1431.6806146599943,27416,btc-usd,2022-05-21 12:00:00
204,1653130800000,29211.130741975667,1322.915707709994,26628,btc-usd,2022-05-21 11:00:00
205,1653127200000,29285.838054766788,1343.958679109998,24783,btc-usd,2022-05-21 10:00:00
206,1653123600000,29277.98325853872,1193.8940828800023,21761,btc-usd,2022-05-21 09:00:00
207,1653120000000,29377.642895575213,1220.0732503299969,23111,btc-usd,2022-05-21 08:00:00
208,1653116400000,29408.937462994098,1681.6797003099914,31077,btc-usd,2022-05-21 07:00:00
209,1653112800000,29273.45302533864,1137.7677602399972,22738,btc-usd,2022-05-21 06:00:00
210,1653109200000,29232.991476268355,1145.5319448799999,22582,btc-usd,2022-05-21 05:00:00
211,1653105600000,29209.30284728852,897.012133440001,20995,btc-usd,2022-05-21 04:00:00
212,1653102000000,29161.972398674796,1641.9870649900006,28272,btc-usd,2022-05-21 03:00:00
213,1653098400000,29147.972378189657,1376.9399241199926,32598,btc-usd,2022-05-21 02:00:00
214,1653094800000,29086.49207503686,2248.514179539996,41795,btc-usd,2022-05-21 01:00:00
215,1653091200000,29221.846770928816,1712.1293509700013,37440,btc-usd,2022-05-21 00:00:00
216,1653087600000,29248.381137821394,1591.8891348399982,38198,btc-usd,2022-05-20 23:00:00
217,1653084000000,29202.008759438548,1625.9829028199933,37347,btc-usd,2022-05-20 22:00:00
218,1653080400000,29200.812046319974,1409.7568909099966,35729,btc-usd,2022-05-20 21:00:00
219,1653076800000,29207.313330718687,2725.614835249998,44926,btc-usd,2022-05-20 20:00:00
220,1653073200000,29086.945833444217,6302.328902739981,71253,btc-usd,2022-05-20 19:00:00
221,1653069600000,28877.803724765323,4597.902151389977,67664,btc-usd,2022-05-20 18:00:00
222,1653066000000,28843.929008517305,5970.7528095299895,92988,btc-usd,2022-05-20 17:00:00
223,1653062400000,28904.338055837503,9650.656246849972,112079,btc-usd,2022-05-20 16:00:00
224,1653058800000,29242.19606989042,7136.889324219936,95615,btc-usd,2022-05-20 15:00:00
225,1653055200000,29797.752462928354,7495.536947949917,101424,btc-usd,2022-05-20 14:00:00
226,1653051600000,30247.96579228861,11759.053456859878,161166,btc-usd,2022-05-20 13:00:00
227,1653048000000,30205.260183279974,5389.770942709989,89172,btc-usd,2022-05-20 12:00:00
228,1653044400000,30402.082831724518,2171.9630674799946,28595,btc-usd,2022-05-20 11:00:00
229,1653040800000,30305.778959264953,413.8310909199998,5814,btc-usd,2022-05-20 10:00:00
230,1653037200000,30230.5042561552,794.7196999999883,7800,btc-usd,2022-05-20 09:00:00
231,1653033600000,30264.058830685124,2059.362688979998,28686,btc-usd,2022-05-20 08:00:00
232,1653030000000,30158.92029951801,3502.637627889979,49053,btc-usd,2022-05-20 07:00:00
233,1653026400000,29967.48708796433,2830.7872550499806,42046,btc-usd,2022-05-20 06:00:00
234,1653022800000,30063.91026193739,1958.9923279399918,33710,btc-usd,2022-05-20 05:00:00
235,1653019200000,30101.860122064307,2601.104658659995,37787,btc-usd,2022-05-20 04:00:00
236,1653015600000,30180.719469915748,2645.0935617400046,37803,btc-usd,2022-05-20 03:00:00
237,1653012000000,30296.866093096192,3049.3813356199926,45190,btc-usd,2022-05-20 02:00:00
238,1653008400000,30438.87007340718,5022.387413759985,69622,btc-usd,2022-05-20 01:00:00
239,1653004800000,30220.244689111176,2707.19767199999,46871,btc-usd,2022-05-20 00:00:00
240,1653001200000,30251.772380623814,2993.3354857299937,48303,btc-usd,2022-05-19 23:00:00
241,1652997600000,30141.741530628868,2817.680168349996,42831,btc-usd,2022-05-19 22:00:00
242,1652994000000,30288.0670049284,3129.3069953499917,48289,btc-usd,2022-05-19 21:00:00
243,1652990400000,30078.586955145864,2534.20453386,41377,btc-usd,2022-05-19 20:00:00
244,1652986800000,30037.094724059025,3812.5933497899878,58449,btc-usd,2022-05-19 19:00:00
245,1652983200000,30200.702578869183,3613.0619387099846,59206,btc-usd,2022-05-19 18:00:00
246,1652979600000,30069.649906034687,4941.785268729956,68495,btc-usd,2022-05-19 17:00:00
247,1652976000000,30238.665819269627,5994.5503852599695,83024,btc-usd,2022-05-19 16:00:00
248,1652972400000,30202.880250908845,8548.336929249963,105292,btc-usd,2022-05-19 15:00:00
249,1652968800000,29739.98638699483,5447.027097959988,77052,btc-usd,2022-05-19 14:00:00
250,1652965200000,29565.362314046015,5519.438844899991,76323,btc-usd,2022-05-19 13:00:00
251,1652961600000,29462.818199537265,4138.007916509981,58127,btc-usd,2022-05-19 12:00:00
252,1652958000000,29312.764704922214,4134.527679989975,63097,btc-usd,2022-05-19 11:00:00
253,1652954400000,29077.25347344343,2639.2649005899857,43905,btc-usd,2022-05-19 10:00:00
254,1652950800000,28932.941653598995,2703.0175738199905,40865,btc-usd,2022-05-19 09:00:00
255,1652947200000,29101.353039017587,2562.8478344099944,36434,btc-usd,2022-05-19 08:00:00
256,1652943600000,29176.301946194624,2579.871091449997,36395,btc-usd,2022-05-19 07:00:00
257,1652940000000,29205.921900240628,2482.796297969987,35624,btc-usd,2022-05-19 06:00:00
258,1652936400000,29072.50592301147,1527.8594160799958,29081,btc-usd,2022-05-19 05:00:00
259,1652932800000,29107.32265047985,2577.4555368999977,30069,btc-usd,2022-05-19 04:00:00
260,1652929200000,29173.247272300854,2401.939904759988,42272,btc-usd,2022-05-19 03:00:00
261,1652925600000,28954.8194291247,4031.5129683399505,61343,btc-usd,2022-05-19 02:00:00
262,1652922000000,28884.04553019153,2040.4414302999844,41614,btc-usd,2022-05-19 01:00:00
263,1652918400000,28865.70124087149,3434.5171901999784,51044,btc-usd,2022-05-19 00:00:00
264,1652914800000,28814.456644545837,3793.322301379988,57860,btc-usd,2022-05-18 23:00:00
265,1652911200000,29080.805517222205,4109.403159469972,60493,btc-usd,2022-05-18 22:00:00
266,1652907600000,29186.425725841353,2529.4927222999945,43326,btc-usd,2022-05-18 21:00:00
267,1652904000000,29106.43937099445,4200.431068889993,54391,btc-usd,2022-05-18 20:00:00
268,1652900400000,29279.777248820763,5537.455293659975,76522,btc-usd,2022-05-18 19:00:00
269,1652896800000,29050.32993962762,4709.694289309993,77027,btc-usd,2022-05-18 18:00:00
270,1652893200000,29038.578976479694,3702.7944956899946,69137,btc-usd,2022-05-18 17:00:00
271,1652889600000,28945.82436626578,6870.306169189977,96506,btc-usd,2022-05-18 16:00:00
272,1652886000000,28995.12646464009,6375.0024792999775,89413,btc-usd,2022-05-18 15:00:00
273,1652882400000,29238.976596885568,5753.977309259985,78558,btc-usd,2022-05-18 14:00:00
274,1652878800000,29445.49586612431,6989.826838189982,86325,btc-usd,2022-05-18 13:00:00
275,1652875200000,29689.975468086686,3645.515010029986,51241,btc-usd,2022-05-18 12:00:00
276,1652871600000,29807.399658861552,2322.997910929993,33759,btc-usd,2022-05-18 11:00:00
277,1652868000000,29951.417866008444,1998.3834237799883,28549,btc-usd,2022-05-18 10:00:00
278,1652864400000,29856.85093356518,2560.4093417499753,34908,btc-usd,2022-05-18 09:00:00
279,1652860800000,29799.022977054316,2184.861856759989,31253,btc-usd,2022-05-18 08:00:00
280,1652857200000,29778.09628696004,2501.0600227699833,34054,btc-usd,2022-05-18 07:00:00
281,1652853600000,29913.164416894127,2617.647443649991,36455,btc-usd,2022-05-18 06:00:00
282,1652850000000,29925.695522954964,2058.645362019998,32457,btc-usd,2022-05-18 05:00:00
283,1652846400000,29792.806708850738,2605.8869628399875,34744,btc-usd,2022-05-18 04:00:00
284,1652842800000,29889.736617967097,3734.753398469982,53066,btc-usd,2022-05-18 03:00:00
285,1652839200000,30133.7774018247,2271.6066523199934,33607,btc-usd,2022-05-18 02:00:00
286,1652835600000,30292.116715258628,3243.0162798099836,47115,btc-usd,2022-05-18 01:00:00
287,1652832000000,30535.091186390655,2945.147292429996,48292,btc-usd,2022-05-18 00:00:00
288,1652828400000,30451.108929336307,2442.78001426999,45500,btc-usd,2022-05-17 23:00:00
289,1652824800000,30379.12628201654,2309.7915867899997,47149,btc-usd,2022-05-17 22:00:00
290,1652821200000,30358.35563527071,2616.838073889997,46600,btc-usd,2022-05-17 21:00:00
291,1652817600000,30107.636172604813,2108.428471159995,41379,btc-usd,2022-05-17 20:00:00
292,1652814000000,30095.065237399023,4275.417900839984,82114,btc-usd,2022-05-17 19:00:00
293,1652810400000,29741.060437901615,6248.1860933199805,103970,btc-usd,2022-05-17 18:00:00
294,1652806800000,30163.027234928802,3289.1133253299968,55678,btc-usd,2022-05-17 17:00:00
295,1652803200000,30038.998704510825,3747.4485192199922,62869,btc-usd,2022-05-17 16:00:00
296,1652799600000,30055.082036226533,3783.689819349997,61946,btc-usd,2022-05-17 15:00:00
297,1652796000000,30172.54396193254,5141.6303050899405,76085,btc-usd,2022-05-17 14:00:00
298,1652792400000,30538.591662723902,3885.4592650499917,63930,btc-usd,2022-05-17 13:00:00
299,1652788800000,30474.70817729935,2863.749421479989,48217,btc-usd,2022-05-17 12:00:00
300,1652785200000,30357.810599322413,2292.310091759993,38523,btc-usd,2022-05-17 11:00:00
301,1652781600000,30519.914113802595,1783.947940850001,30803,btc-usd,2022-05-17 10:00:00
302,1652778000000,30603.91316246815,1520.6967282100015,29648,btc-usd,2022-05-17 09:00:00
303,1652774400000,30558.763252049823,2114.2489997299936,38318,btc-usd,2022-05-17 08:00:00
304,1652770800000,30412.354023111377,1716.4860111200026,31430,btc-usd,2022-05-17 07:00:00
305,1652767200000,30399.309403733343,1336.1768661299966,27151,btc-usd,2022-05-17 06:00:00
306,1652763600000,30351.256831252853,1253.2112312500017,26893,btc-usd,2022-05-17 05:00:00
307,1652760000000,30294.79391570856,1594.242320009997,30993,btc-usd,2022-05-17 04:00:00
308,1652756400000,30263.51312163466,3154.7861112799915,48763,btc-usd,2022-05-17 03:00:00
309,1652752800000,29974.812337959294,1537.0135221199982,33234,btc-usd,2022-05-17 02:00:00
310,1652749200000,29924.056589946373,1808.1955173599945,39930,btc-usd,2022-05-17 01:00:00
311,1652745600000,30010.5319014144,2852.108955329994,48894,btc-usd,2022-05-17 00:00:00
312,1652742000000,29920.063841145216,1876.9991732599956,38790,btc-usd,2022-05-16 23:00:00
313,1652738400000,30111.7472768964,3020.0213846599945,46403,btc-usd,2022-05-16 22:00:00
314,1652734800000,30034.384336307005,3293.0934709599974,58195,btc-usd,2022-05-16 21:00:00
315,1652731200000,29673.929719367563,1936.7834075399992,42324,btc-usd,2022-05-16 20:00:00
316,1652727600000,29730.132574346033,2859.937931269993,63048,btc-usd,2022-05-16 19:00:00
317,1652724000000,29815.233470933097,2769.148573429996,60443,btc-usd,2022-05-16 18:00:00
318,1652720400000,29564.851480658654,3092.0373334599753,68268,btc-usd,2022-05-16 17:00:00
319,1652716800000,29353.35688066541,4436.5293611199595,83907,btc-usd,2022-05-16 16:00:00
320,1652713200000,29522.2615991183,3157.824041429988,75017,btc-usd,2022-05-16 15:00:00
321,1652709600000,29614.132683503667,3473.2046088999878,80299,btc-usd,2022-05-16 14:00:00
322,1652706000000,29769.284669331082,6849.860835039926,99570,btc-usd,2022-05-16 13:00:00
323,1652702400000,29879.50110688725,6022.435328329955,85481,btc-usd,2022-05-16 12:00:00
324,1652698800000,30007.06630455429,2748.155233549996,47790,btc-usd,2022-05-16 11:00:00
325,1652695200000,29870.483656415498,4713.147188689968,62732,btc-usd,2022-05-16 10:00:00
326,1652691600000,29616.416244055268,2473.6229426999844,47032,btc-usd,2022-05-16 09:00:00
327,1652688000000,29729.831473670565,2677.0118276399985,41463,btc-usd,2022-05-16 08:00:00
328,1652684400000,29474.423917011165,2534.1478264299876,54626,btc-usd,2022-05-16 07:00:00
329,1652680800000,29678.36217050447,5579.17407160991,86028,btc-usd,2022-05-16 06:00:00
330,1652677200000,30349.158255204013,1311.3475678799966,31650,btc-usd,2022-05-16 05:00:00
331,1652673600000,30284.32427294164,2470.068322609979,46180,btc-usd,2022-05-16 04:00:00
332,1652670000000,30295.557703864506,2197.0696062999914,44468,btc-usd,2022-05-16 03:00:00
333,1652666400000,30469.875186743055,3596.413183609967,56483,btc-usd,2022-05-16 02:00:00
334,1652662800000,30838.70818194579,3489.89797558997,58992,btc-usd,2022-05-16 01:00:00
335,1652659200000,31105.754114414325,2473.496057019999,48704,btc-usd,2022-05-16 00:00:00
336,1652655600000,31161.509979577826,2111.0212026699883,47749,btc-usd,2022-05-15 23:00:00
337,1652652000000,31171.690687892926,3183.884606959991,72777,btc-usd,2022-05-15 22:00:00
338,1652648400000,30975.887448942616,2442.0546671799966,59776,btc-usd,2022-05-15 21:00:00
339,1652644800000,30832.46755109943,5522.322269769959,91077,btc-usd,2022-05-15 20:00:00
340,1652641200000,30286.44437830127,2081.382236519996,48200,btc-usd,2022-05-15 19:00:00
341,1652637600000,30148.436303119055,2665.8086377499885,50859,btc-usd,2022-05-15 18:00:00
342,1652634000000,30123.1561443078,1600.816558299997,43287,btc-usd,2022-05-15 17:00:00
343,1652630400000,30091.28743359792,2040.9350648799905,47886,btc-usd,2022-05-15 16:00:00
344,1652626800000,29953.73440575444,1763.8706617999949,44921,btc-usd,2022-05-15 15:00:00
345,1652623200000,29928.967902524597,2123.1985394499907,47514,btc-usd,2022-05-15 14:00:00
346,1652619600000,30184.853300581413,1661.416757929997,43317,btc-usd,2022-05-15 13:00:00
347,1652616000000,30328.321328201255,3673.121805719976,61082,btc-usd,2022-05-15 12:00:00
348,1652612400000,30069.87699666315,2872.47977885999,48043,btc-usd,2022-05-15 11:00:00
349,1652608800000,29695.20259368326,1207.7575775699977,29075,btc-usd,2022-05-15 10:00:00
350,1652605200000,29631.781396554725,1281.8435803400018,26993,btc-usd,2022-05-15 09:00:00
351,1652601600000,29660.418521681226,1313.6299383699989,28683,btc-usd,2022-05-15 08:00:00
352,1652598000000,29868.67061235221,1498.9821634599998,31689,btc-usd,2022-05-15 07:00:00
353,1652594400000,29786.755959351693,1276.3074032199956,30466,btc-usd,2022-05-15 06:00:00
354,1652590800000,29623.49951229738,1285.1400983199967,32801,btc-usd,2022-05-15 05:00:00
355,1652587200000,29616.00088988845,1241.7252761399989,32061,btc-usd,2022-05-15 04:00:00
356,1652583600000,29662.991891818623,1583.338478179991,33912,btc-usd,2022-05-15 03:00:00
357,1652580000000,29823.19079790333,1364.420143419995,35602,btc-usd,2022-05-15 02:00:00
358,1652576400000,29859.195364423907,1521.7469709399993,34979,btc-usd,2022-05-15 01:00:00
359,1652572800000,30041.848413472897,2314.8529321699934,51257,btc-usd,2022-05-15 00:00:00
360,1652569200000,30059.321871845706,2951.3349786799936,60117,btc-usd,2022-05-14 23:00:00
361,1652565600000,29913.228144774002,4391.4891107699805,68520,btc-usd,2022-05-14 22:00:00
362,1652562000000,29573.277011492566,2059.71709632999,45407,btc-usd,2022-05-14 21:00:00
363,1652558400000,29400.732508139812,1896.7116858899872,46306,btc-usd,2022-05-14 20:00:00
364,1652554800000,29385.24661386708,2135.144112599987,45861,btc-usd,2022-05-14 19:00:00
365,1652551200000,29660.31045729484,2967.516731619984,63990,btc-usd,2022-05-14 18:00:00
366,1652547600000,29411.8563237724,2173.300286959998,53542,btc-usd,2022-05-14 17:00:00
367,1652544000000,29109.066822552297,4414.988069599976,74754,btc-usd,2022-05-14 16:00:00
368,1652540400000,28857.305165687336,2249.612103679999,47952,btc-usd,2022-05-14 15:00:00
369,1652536800000,28768.705825024084,2327.078909219989,52481,btc-usd,2022-05-14 14:00:00
370,1652533200000,28871.276474693947,2705.056043439982,54023,btc-usd,2022-05-14 13:00:00
371,1652529600000,29026.79592465702,2714.368470819989,50504,btc-usd,2022-05-14 12:00:00
372,1652526000000,28979.68673574202,4741.141516609978,67058,btc-usd,2022-05-14 11:00:00
373,1652522400000,29321.163473388322,1326.8381148800017,34602,btc-usd,2022-05-14 10:00:00
374,1652518800000,29412.87360684134,1651.8625248399944,32937,btc-usd,2022-05-14 09:00:00
375,1652515200000,29423.098895346844,1007.6810598799999,28072,btc-usd,2022-05-14 08:00:00
376,1652511600000,29448.554110743982,1304.6400776799949,26214,btc-usd,2022-05-14 07:00:00
377,1652508000000,29428.776180666384,1097.0935048900005,27512,btc-usd,2022-05-14 06:00:00
378,1652504400000,29351.00194009891,1386.233968989989,34088,btc-usd,2022-05-14 05:00:00
379,1652500800000,29328.694873725213,2078.316634509986,40879,btc-usd,2022-05-14 04:00:00
380,1652497200000,29510.856514667623,1583.4870260099838,38154,btc-usd,2022-05-14 03:00:00
381,1652493600000,29598.254099910628,1780.3032638599952,40958,btc-usd,2022-05-14 02:00:00
382,1652490000000,29596.69446523726,2110.5133760299873,45401,btc-usd,2022-05-14 01:00:00
383,1652486400000,29394.466635002635,2474.891993549988,52441,btc-usd,2022-05-14 00:00:00
384,1652482800000,29381.157225285704,4442.919938259989,69322,btc-usd,2022-05-13 23:00:00
385,1652479200000,29924.080598270553,2048.588241130001,46694,btc-usd,2022-05-13 22:00:00
386,1652475600000,29893.32306253046,2016.0073179000033,46557,btc-usd,2022-05-13 21:00:00
387,1652472000000,29927.97137060113,3086.02483433,57766,btc-usd,2022-05-13 20:00:00
388,1652468400000,30020.46143020205,2893.851955769992,67712,btc-usd,2022-05-13 19:00:00
389,1652464800000,29686.852615051874,6569.405627799966,99105,btc-usd,2022-05-13 18:00:00
390,1652461200000,29911.156365872546,5655.359058529984,82704,btc-usd,2022-05-13 17:00:00
391,1652457600000,30077.01718934394,7180.099370829965,99849,btc-usd,2022-05-13 16:00:00
392,1652454000000,30468.472184538405,4107.838224279991,82340,btc-usd,2022-05-13 15:00:00
393,1652450400000,30803.274126798857,4937.0225727699535,98734,btc-usd,2022-05-13 14:00:00
394,1652446800000,30588.385671523025,5957.716113859955,108115,btc-usd,2022-05-13 13:00:00
395,1652443200000,30594.754777126112,4136.175168119968,80064,btc-usd,2022-05-13 12:00:00
396,1652439600000,30460.541932965007,4312.441775149968,74820,btc-usd,2022-05-13 11:00:00
397,1652436000000,30318.95994255582,3472.642963099989,61301,btc-usd,2022-05-13 10:00:00
398,1652432400000,30481.059899043863,3603.1965021099895,65095,btc-usd,2022-05-13 09:00:00
399,1652428800000,30237.63510617333,3076.153136629985,56939,btc-usd,2022-05-13 08:00:00
400,1652425200000,30268.827330479166,4473.5138946599645,71044,btc-usd,2022-05-13 07:00:00
401,1652421600000,30431.85605461037,2896.971200319989,58806,btc-usd,2022-05-13 06:00:00
402,1652418000000,30687.872383012294,5530.74961205997,89254,btc-usd,2022-05-13 05:00:00
403,1652414400000,30363.017431144497,3524.240824219989,71272,btc-usd,2022-05-13 04:00:00
404,1652410800000,30420.257300638696,7566.496788159966,121287,btc-usd,2022-05-13 03:00:00
405,1652407200000,29799.029744998737,6345.153058729951,101182,btc-usd,2022-05-13 02:00:00
406,1652403600000,29431.44277800585,4897.493305009955,85311,btc-usd,2022-05-13 01:00:00
407,1652400000000,29101.608275869457,5890.791127059962,94490,btc-usd,2022-05-13 00:00:00
408,1652396400000,29013.96809157362,5327.25891127994,93143,btc-usd,2022-05-12 23:00:00
409,1652392800000,28496.15300333225,4447.621781859917,86234,btc-usd,2022-05-12 22:00:00
410,1652389200000,28271.020383293388,4872.45597609996,95684,btc-usd,2022-05-12 21:00:00
411,1652385600000,28646.300561617878,4225.370325579984,84629,btc-usd,2022-05-12 20:00:00
412,1652382000000,28511.125784570206,5721.694729729959,118224,btc-usd,2022-05-12 19:00:00
413,1652378400000,28393.47038498512,6230.199279439959,119036,btc-usd,2022-05-12 18:00:00
414,1652374800000,29079.857621340736,9372.166782669974,133256,btc-usd,2022-05-12 17:00:00
415,1652371200000,29462.991227439285,9412.184793759963,171563,btc-usd,2022-05-12 16:00:00
416,1652367600000,29328.378315263286,10832.697428669948,176225,btc-usd,2022-05-12 15:00:00
417,1652364000000,28598.383653705652,12866.291962929916,207829,btc-usd,2022-05-12 14:00:00
418,1652360400000,28189.02699786718,12464.204850439875,191647,btc-usd,2022-05-12 13:00:00
419,1652356800000,28131.22648066418,9104.450823089952,154845,btc-usd,2022-05-12 12:00:00
420,1652353200000,28493.220400060614,11362.084778939956,158689,btc-usd,2022-05-12 11:00:00
421,1652349600000,27939.142936290005,10493.726411349971,146400,btc-usd,2022-05-12 10:00:00
422,1652346000000,27724.373122374407,8458.886135739976,136429,btc-usd,2022-05-12 09:00:00
423,1652342400000,27595.770340088904,12948.276625269973,206556,btc-usd,2022-05-12 08:00:00
424,1652338800000,26756.147894173846,34886.317561340926,351198,btc-usd,2022-05-12 07:00:00
425,1652335200000,26863.91379811585,19448.824114129868,261018,btc-usd,2022-05-12 06:00:00
426,1652331600000,27037.096445560845,23736.24708226997,246220,btc-usd,2022-05-12 05:00:00
427,1652328000000,27655.621596530953,21969.845488439973,237260,btc-usd,2022-05-12 04:00:00
428,1652324400000,28538.8767638552,6399.451040829896,108787,btc-usd,2022-05-12 03:00:00
429,1652320800000,28935.40307918996,5756.935070279969,113165,btc-usd,2022-05-12 02:00:00
430,1652317200000,29501.108175540427,5722.033880869984,107116,btc-usd,2022-05-12 01:00:00
431,1652313600000,29592.491257552767,10299.121642879913,156328,btc-usd,2022-05-12 00:00:00
432,1652310000000,28779.684917060258,5841.998468039969,119306,btc-usd,2022-05-11 23:00:00
433,1652306400000,28832.995033096562,8136.976283959968,163475,btc-usd,2022-05-11 22:00:00
434,1652302800000,28452.058679753398,15214.247782789882,256929,btc-usd,2022-05-11 21:00:00
435,1652299200000,28875.81900244572,20948.085346499887,247039,btc-usd,2022-05-11 20:00:00
436,1652295600000,29497.342227729358,11796.025228459916,187002,btc-usd,2022-05-11 19:00:00
437,1652292000000,29949.09394831947,10018.565381229888,176649,btc-usd,2022-05-11 18:00:00
438,1652288400000,29914.780531067092,15889.540712429935,224514,btc-usd,2022-05-11 17:00:00
439,1652284800000,30618.369060374986,7935.526061359953,155053,btc-usd,2022-05-11 16:00:00
440,1652281200000,31275.528304583055,9002.79128625993,174698,btc-usd,2022-05-11 15:00:00
441,1652277600000,31315.10014540618,17057.113346019807,229987,btc-usd,2022-05-11 14:00:00
442,1652274000000,30098.03699060779,28702.69167239039,371653,btc-usd,2022-05-11 13:00:00
443,1652270400000,30070.554341950392,31995.99836101983,322855,btc-usd,2022-05-11 12:00:00
444,1652266800000,31638.444949823403,4667.642796579983,84472,btc-usd,2022-05-11 11:00:00
445,1652263200000,31875.836659867433,5513.422941079959,91669,btc-usd,2022-05-11 10:00:00
446,1652259600000,31420.725088456864,6201.116919929956,90007,btc-usd,2022-05-11 09:00:00
447,1652256000000,30864.520688526147,6332.812180009859,105530,btc-usd,2022-05-11 08:00:00
448,1652252400000,30415.58937009727,7205.727312909904,104818,btc-usd,2022-05-11 07:00:00
449,1652248800000,31004.374490884868,3908.1052492599474,68619,btc-usd,2022-05-11 06:00:00
450,1652245200000,31549.567411121898,6361.86227253995,85734,btc-usd,2022-05-11 05:00:00
451,1652241600000,31231.29050166431,2476.473400659983,51637,btc-usd,2022-05-11 04:00:00
452,1652238000000,31394.374115002553,2723.2175215799903,60197,btc-usd,2022-05-11 03:00:00
453,1652234400000,31177.18872211887,4356.264119879943,77301,btc-usd,2022-05-11 02:00:00
454,1652230800000,30896.94955892622,2927.967806349987,61772,btc-usd,2022-05-11 01:00:00
455,1652227200000,31103.20254687602,3562.693346609979,75984,btc-usd,2022-05-11 00:00:00
456,1652223600000,31026.45822698572,5066.200058109975,89628,btc-usd,2022-05-10 23:00:00
457,1652220000000,30585.527045471285,6901.17731535997,128009,btc-usd,2022-05-10 22:00:00
458,1652216400000,30679.04280148969,6985.213491009955,115452,btc-usd,2022-05-10 21:00:00
459,1652212800000,31096.559343371388,4325.978280459995,81632,btc-usd,2022-05-10 20:00:00
460,1652209200000,31405.203209493295,4755.567623669972,97185,btc-usd,2022-05-10 19:00:00
461,1652205600000,31627.400950598967,5815.876588149986,102906,btc-usd,2022-05-10 18:00:00
462,1652202000000,31504.81309977431,5970.50719421992,104766,btc-usd,2022-05-10 17:00:00
463,1652198400000,31198.509876033593,5762.692966339947,108977,btc-usd,2022-05-10 16:00:00
464,1652194800000,31177.17230499967,10722.542007270646,140509,btc-usd,2022-05-10 15:00:00
465,1652191200000,31493.38598943252,9600.320815239964,147076,btc-usd,2022-05-10 14:00:00
466,1652187600000,31948.78601874181,8505.570383059952,133940,btc-usd,2022-05-10 13:00:00
467,1652184000000,31888.777897268425,6066.472489429978,97968,btc-usd,2022-05-10 12:00:00
468,1652180400000,31556.54355076363,4652.337115349987,73151,btc-usd,2022-05-10 11:00:00
469,1652176800000,31415.183188999803,4565.592443759985,71830,btc-usd,2022-05-10 10:00:00
470,1652173200000,31602.359226225868,5188.147758779984,79647,btc-usd,2022-05-10 09:00:00
471,1652169600000,31774.956076310544,4988.904361609986,78850,btc-usd,2022-05-10 08:00:00
472,1652166000000,31907.54303454739,5867.811612789939,90439,btc-usd,2022-05-10 07:00:00
473,1652162400000,32265.242968897543,8396.514448389944,128913,btc-usd,2022-05-10 06:00:00
474,1652158800000,31573.900598998865,6702.901556479957,105556,btc-usd,2022-05-10 05:00:00
475,1652155200000,30997.018065853314,5782.290921939984,92334,btc-usd,2022-05-10 04:00:00
476,1652151600000,30825.21195011888,5853.162814839965,101431,btc-usd,2022-05-10 03:00:00
477,1652148000000,31095.67614779116,6146.540885169967,109068,btc-usd,2022-05-10 02:00:00
478,1652144400000,30994.786565330556,8937.747371649899,165658,btc-usd,2022-05-10 01:00:00
479,1652140800000,30181.72537659783,19043.273356099933,264840,btc-usd,2022-05-10 00:00:00
480,1652137200000,30491.096370294064,11976.827578959985,142410,btc-usd,2022-05-09 23:00:00
481,1652133600000,31086.456605346375,7146.602039999963,109403,btc-usd,2022-05-09 22:00:00
482,1652130000000,31209.35995803305,7003.643026209962,118189,btc-usd,2022-05-09 21:00:00
483,1652126400000,31269.31848922868,13056.013354419894,205848,btc-usd,2022-05-09 20:00:00
484,1652122800000,30697.229941989848,13949.155837970202,219731,btc-usd,2022-05-09 19:00:00
485,1652119200000,30882.417583701375,23261.771199259976,268070,btc-usd,2022-05-09 18:00:00
486,1652115600000,31505.25004370487,18130.651805339912,227395,btc-usd,2022-05-09 17:00:00
487,1652112000000,32034.765110780005,12512.370644209932,163358,btc-usd,2022-05-09 16:00:00
488,1652108400000,32365.91207149643,10705.707995059973,136034,btc-usd,2022-05-09 15:00:00
489,1652104800000,32721.630808918144,9185.020260989988,131503,btc-usd,2022-05-09 14:00:00
490,1652101200000,33014.05637701054,9441.858232889874,135034,btc-usd,2022-05-09 13:00:00
491,1652097600000,32988.856981234276,4993.334268389915,82805,btc-usd,2022-05-09 12:00:00
492,1652094000000,32883.07915586754,6307.671458859972,97844,btc-usd,2022-05-09 11:00:00
493,1652090400000,33066.183136270345,10433.719364189963,128147,btc-usd,2022-05-09 10:00:00
494,1652086800000,33551.22917115301,2585.3795056499885,45263,btc-usd,2022-05-09 09:00:00
495,1652083200000,33403.534930527865,4221.198108999986,59610,btc-usd,2022-05-09 08:00:00
496,1652079600000,33616.97618140024,2479.3740593899947,40566,btc-usd,2022-05-09 07:00:00
497,1652076000000,33460.096864097795,2520.3117345099936,42428,btc-usd,2022-05-09 06:00:00
498,1652072400000,33566.68447450572,2526.029794879986,38550,btc-usd,2022-05-09 05:00:00
499,1652068800000,33690.31323865445,1900.1937382899898,36789,btc-usd,2022-05-09 04:00:00
500,1652065200000,33628.306709136574,4889.49977699997,65935,btc-usd,2022-05-09 03:00:00
501,1652061600000,33572.71901100197,9285.91759986995,106365,btc-usd,2022-05-09 02:00:00
502,1652058000000,34125.97284154844,1537.6241139399995,35683,btc-usd,2022-05-09 01:00:00
503,1652054400000,34099.36451520297,1870.1246251099888,39319,btc-usd,2022-05-09 00:00:00
504,1652050800000,34098.24969377322,2909.139022979983,46763,btc-usd,2022-05-08 23:00:00
505,1652047200000,34194.50723076991,2578.532792829984,49400,btc-usd,2022-05-08 22:00:00
506,1652043600000,34315.31855344531,1521.341893009993,32293,btc-usd,2022-05-08 21:00:00
507,1652040000000,34424.92516005273,1958.9580751299868,41093,btc-usd,2022-05-08 20:00:00
508,1652036400000,34623.728525519844,2024.660407549995,40762,btc-usd,2022-05-08 19:00:00
509,1652032800000,34303.6424169249,3120.03182366997,59855,btc-usd,2022-05-08 18:00:00
510,1652029200000,33986.95997209399,11294.135182160051,135088,btc-usd,2022-05-08 17:00:00
511,1652025600000,34403.65975362933,2455.5897273299897,41911,btc-usd,2022-05-08 16:00:00
512,1652022000000,34459.92649402841,2762.956233039999,41661,btc-usd,2022-05-08 15:00:00
513,1652018400000,34428.25842307313,4231.731265889992,51893,btc-usd,2022-05-08 14:00:00
514,1652014800000,34526.83650199256,3299.7605211699884,45409,btc-usd,2022-05-08 13:00:00
515,1652011200000,34688.22395043158,1112.3067600699944,26959,btc-usd,2022-05-08 12:00:00
516,1652007600000,34774.78258147444,1054.221601079996,25339,btc-usd,2022-05-08 11:00:00
517,1652004000000,34682.89324120992,1090.010100699996,24319,btc-usd,2022-05-08 10:00:00
518,1652000400000,34586.521466933205,1023.5946010200015,20897,btc-usd,2022-05-08 09:00:00
519,1651996800000,34613.39475621024,1507.9305903199938,27470,btc-usd,2022-05-08 08:00:00
520,1651993200000,34733.233805727636,1127.3265580800046,26766,btc-usd,2022-05-08 07:00:00
521,1651989600000,34673.42597287872,3458.788973359986,42813,btc-usd,2022-05-08 06:00:00
522,1651986000000,34403.902923844056,1712.324361819983,34570,btc-usd,2022-05-08 05:00:00
523,1651982400000,34554.88080657528,1859.4455293199867,39216,btc-usd,2022-05-08 04:00:00
524,1651978800000,34417.68512201463,4967.90456598998,73643,btc-usd,2022-05-08 03:00:00
525,1651975200000,34567.4662756162,8001.2036984299575,111281,btc-usd,2022-05-08 02:00:00
526,1651971600000,34968.14135178531,3786.766722079984,59686,btc-usd,2022-05-08 01:00:00
527,1651968000000,35288.75794541727,2298.0767826300007,43397,btc-usd,2022-05-08 00:00:00
528,1651964400000,35442.42822462336,3992.466806479969,67794,btc-usd,2022-05-07 23:00:00
529,1651960800000,35061.24656998992,5305.406542519969,83270,btc-usd,2022-05-07 22:00:00
530,1651957200000,35328.71827100223,5237.789226929917,88468,btc-usd,2022-05-07 21:00:00
531,1651953600000,35790.4750439902,1092.1516706300026,29809,btc-usd,2022-05-07 20:00:00
532,1651950000000,35880.240304039056,704.5459222400024,24985,btc-usd,2022-05-07 19:00:00
533,1651946400000,35926.11398670467,729.2885820900001,26318,btc-usd,2022-05-07 18:00:00
534,1651942800000,35893.943859327665,753.5708326200013,25330,btc-usd,2022-05-07 17:00:00
535,1651939200000,35934.661467502614,675.4276113200016,25467,btc-usd,2022-05-07 16:00:00
536,1651935600000,35978.58406048356,778.9774676200017,26994,btc-usd,2022-05-07 15:00:00
537,1651932000000,35925.734684072864,629.8786045300005,23771,btc-usd,2022-05-07 14:00:00
538,1651928400000,35923.31294481812,961.0634909400021,27692,btc-usd,2022-05-07 13:00:00
539,1651924800000,36011.6856198165,627.3141896500011,22009,btc-usd,2022-05-07 12:00:00
540,1651921200000,36060.28388273393,789.9800593700019,22390,btc-usd,2022-05-07 11:00:00
541,1651917600000,36031.362216366266,723.8813297100032,20653,btc-usd,2022-05-07 10:00:00
542,1651914000000,35992.97623637807,602.554545130001,18572,btc-usd,2022-05-07 09:00:00
543,1651910400000,35966.84030424212,987.6558294900041,23080,btc-usd,2022-05-07 08:00:00
544,1651906800000,35860.58252548928,818.9639404100044,21291,btc-usd,2022-05-07 07:00:00
545,1651903200000,35834.38829673691,617.8896048200028,21925,btc-usd,2022-05-07 06:00:00
546,1651899600000,35818.92256562717,683.2435879300037,22126,btc-usd,2022-05-07 05:00:00
547,1651896000000,35778.9009834409,955.2500520900021,26501,btc-usd,2022-05-07 04:00:00
548,1651892400000,35845.436878629014,1011.8314720800028,27950,btc-usd,2022-05-07 03:00:00
549,1651888800000,35965.64339348013,672.0895144199965,23354,btc-usd,2022-05-07 02:00:00
550,1651885200000,35968.29059743773,746.7279951200005,26606,btc-usd,2022-05-07 01:00:00
551,1651881600000,35988.72397405975,771.1108678000035,28145,btc-usd,2022-05-07 00:00:00
552,1651878000000,36053.82479611705,882.9104572900062,27206,btc-usd,2022-05-06 23:00:00
553,1651874400000,35966.10773006883,936.3536609500012,31776,btc-usd,2022-05-06 22:00:00
554,1651870800000,35999.86812132142,985.2769105600034,30979,btc-usd,2022-05-06 21:00:00
555,1651867200000,35953.63602019387,1545.0734400399956,38419,btc-usd,2022-05-06 20:00:00
556,1651863600000,35990.7648894684,3186.3586817299847,61256,btc-usd,2022-05-06 19:00:00
557,1651860000000,35935.04944240208,2451.4112483900026,51864,btc-usd,2022-05-06 18:00:00
558,1651856400000,36023.885995666365,2796.259307449993,62238,btc-usd,2022-05-06 17:00:00
559,1651852800000,36087.47273657307,3371.3299073999933,81670,btc-usd,2022-05-06 16:00:00
560,1651849200000,36158.63862006378,4539.5067954199785,90681,btc-usd,2022-05-06 15:00:00
561,1651845600000,35950.04584401093,7774.621142479946,134003,btc-usd,2022-05-06 14:00:00
562,1651842000000,35642.247444054075,9481.554250859846,141561,btc-usd,2022-05-06 13:00:00
563,1651838400000,35991.08748769957,5374.950388219901,91360,btc-usd,2022-05-06 12:00:00
564,1651834800000,35816.22282723317,4487.474171469968,79359,btc-usd,2022-05-06 11:00:00
565,1651831200000,36120.085189442616,3900.9236123799838,64140,btc-usd,2022-05-06 10:00:00
566,1651827600000,36277.555636768215,1791.8001897699996,39561,btc-usd,2022-05-06 09:00:00
567,1651824000000,36288.476277511,3411.1399584499877,65180,btc-usd,2022-05-06 08:00:00
568,1651820400000,36146.66328234283,4996.168633959973,74068,btc-usd,2022-05-06 07:00:00
569,1651816800000,36445.901523050954,1314.8676101600017,27864,btc-usd,2022-05-06 06:00:00
570,1651813200000,36454.767542556096,1622.2389597799997,29711,btc-usd,2022-05-06 05:00:00
571,1651809600000,36365.1844698174,1905.456001869998,33229,btc-usd,2022-05-06 04:00:00
572,1651806000000,36389.93954666265,1427.0641742599998,31384,btc-usd,2022-05-06 03:00:00
573,1651802400000,36438.57252762471,1975.0113844099972,52147,btc-usd,2022-05-06 02:00:00
574,1651798800000,36262.335401026234,2154.492986280003,42374,btc-usd,2022-05-06 01:00:00
575,1651795200000,36466.625686502775,2375.11676175999,46799,btc-usd,2022-05-06 00:00:00
576,1651791600000,36454.89396620624,2531.490076709993,47158,btc-usd,2022-05-05 23:00:00
577,1651788000000,36366.76616836088,2070.6827923499964,45687,btc-usd,2022-05-05 22:00:00
578,1651784400000,36469.64260626525,2280.4201147599974,50229,btc-usd,2022-05-05 21:00:00
579,1651780800000,36267.194300837764,3756.3400456199815,78864,btc-usd,2022-05-05 20:00:00
580,1651777200000,35985.63127395313,13007.662762989841,184037,btc-usd,2022-05-05 19:00:00
581,1651773600000,36389.12132235597,9106.055046749874,137229,btc-usd,2022-05-05 18:00:00
582,1651770000000,36960.45251241308,3922.0140453899558,82024,btc-usd,2022-05-05 17:00:00
583,1651766400000,37005.679885279686,7491.025700380162,117145,btc-usd,2022-05-05 16:00:00
584,1651762800000,37153.366431134345,25218.375722019795,269508,btc-usd,2022-05-05 15:00:00
585,1651759200000,38571.42019459278,7887.732424519942,109042,btc-usd,2022-05-05 14:00:00
586,1651755600000,39228.52002150717,3377.466670949989,61490,btc-usd,2022-05-05 13:00:00
587,1651752000000,39500.53147551074,1013.4837424600001,28820,btc-usd,2022-05-05 12:00:00
588,1651748400000,39518.063616943604,1197.4122321899927,28113,btc-usd,2022-05-05 11:00:00
589,1651744800000,39522.2731132641,1062.3679956600017,27005,btc-usd,2022-05-05 10:00:00
590,1651741200000,39487.50961379138,873.3987146800009,20118,btc-usd,2022-05-05 09:00:00
591,1651737600000,39531.55702531075,1037.0813655400025,26242,btc-usd,2022-05-05 08:00:00
592,1651734000000,39559.91362438733,826.1490673100008,23524,btc-usd,2022-05-05 07:00:00
593,1651730400000,39601.40077229945,1122.4697909100041,27166,btc-usd,2022-05-05 06:00:00
594,1651726800000,39670.7310522188,1838.6347245199988,35478,btc-usd,2022-05-05 05:00:00
595,1651723200000,39716.26688645488,618.0066546000008,23383,btc-usd,2022-05-05 04:00:00
596,1651719600000,39731.91416243129,934.2585578200021,26450,btc-usd,2022-05-05 03:00:00
597,1651716000000,39704.35667577126,994.4997695300062,32379,btc-usd,2022-05-05 02:00:00
598,1651712400000,39638.886448040146,821.4146272100058,30102,btc-usd,2022-05-05 01:00:00
599,1651708800000,39659.571821022066,1759.982731169997,40343,btc-usd,2022-05-05 00:00:00
600,1651705200000,39645.66124816048,1517.4625686099923,37301,btc-usd,2022-05-04 23:00:00
601,1651701600000,39715.2256130685,1422.02801843,35816,btc-usd,2022-05-04 22:00:00
602,1651698000000,39793.69655562835,2190.160744039997,37678,btc-usd,2022-05-04 21:00:00
603,1651694400000,39824.211041762734,2630.5624529699808,44475,btc-usd,2022-05-04 20:00:00
604,1651690800000,39809.73694577376,7240.366694449924,93085,btc-usd,2022-05-04 19:00:00
605,1651687200000,39110.23486065065,11715.025557919878,166453,btc-usd,2022-05-04 18:00:00
606,1651683600000,38986.69972626959,3080.654913799962,62519,btc-usd,2022-05-04 17:00:00
607,1651680000000,39173.52040653173,3669.618104159962,65500,btc-usd,2022-05-04 16:00:00
608,1651676400000,38868.90761292392,2506.9817570199752,47973,btc-usd,2022-05-04 15:00:00
609,1651672800000,38787.20841044914,2491.715884549974,49310,btc-usd,2022-05-04 14:00:00
610,1651669200000,38913.1869292439,2810.597752219977,48757,btc-usd,2022-05-04 13:00:00
611,1651665600000,38992.38326538379,3303.627997929989,45123,btc-usd,2022-05-04 12:00:00
612,1651662000000,38975.50972388879,1566.818688020002,31577,btc-usd,2022-05-04 11:00:00
613,1651658400000,38957.00600561847,1923.1566210899982,32713,btc-usd,2022-05-04 10:00:00
614,1651654800000,38919.799789570905,2203.9368606199823,36798,btc-usd,2022-05-04 09:00:00
615,1651651200000,38864.36515061849,2678.700862689991,43935,btc-usd,2022-05-04 08:00:00
616,1651647600000,38498.96807109957,2686.8884622899745,41846,btc-usd,2022-05-04 07:00:00
617,1651644000000,38292.18835295312,1693.569836049993,31092,btc-usd,2022-05-04 06:00:00
618,1651640400000,38029.69047089217,816.5836796599956,20040,btc-usd,2022-05-04 05:00:00
619,1651636800000,37991.82352390324,712.2017544500004,19767,btc-usd,2022-05-04 04:00:00
620,1651633200000,38018.0008178612,688.9202132200019,22476,btc-usd,2022-05-04 03:00:00
621,1651629600000,37974.42606131219,1184.8506282400035,29023,btc-usd,2022-05-04 02:00:00
622,1651626000000,37909.929371061284,765.1668204600018,25762,btc-usd,2022-05-04 01:00:00
623,1651622400000,37793.807885409675,1103.6333900100012,31948,btc-usd,2022-05-04 00:00:00
624,1651618800000,37694.54625061873,1091.1317122800012,31602,btc-usd,2022-05-03 23:00:00
625,1651615200000,37797.417839700654,1080.8185069300018,32669,btc-usd,2022-05-03 22:00:00
626,1651611600000,37788.27969412779,2134.6793550699904,45512,btc-usd,2022-05-03 21:00:00
627,1651608000000,37626.66057035805,2122.4811885699933,42166,btc-usd,2022-05-03 20:00:00
628,1651604400000,37639.52756754088,2714.2292367599944,56241,btc-usd,2022-05-03 19:00:00
629,1651600800000,37757.76902031584,5931.584039969978,81604,btc-usd,2022-05-03 18:00:00
630,1651597200000,38172.06706437595,2008.0689989399928,41473,btc-usd,2022-05-03 17:00:00
631,1651593600000,38181.18240108487,2368.5899689799803,50646,btc-usd,2022-05-03 16:00:00
632,1651590000000,38325.79107389509,2373.7651802299956,43622,btc-usd,2022-05-03 15:00:00
633,1651586400000,38286.93742021404,2843.811122269999,54178,btc-usd,2022-05-03 14:00:00
634,1651582800000,38322.25490576255,3013.4954301599832,57304,btc-usd,2022-05-03 13:00:00
635,1651579200000,38502.27797434238,1291.452801290003,29009,btc-usd,2022-05-03 12:00:00
636,1651575600000,38421.944809430504,1682.3960359799942,27980,btc-usd,2022-05-03 11:00:00
637,1651572000000,38420.74034151697,997.8305773600018,22047,btc-usd,2022-05-03 10:00:00
638,1651568400000,38499.7628131944,825.2954045300021,22046,btc-usd,2022-05-03 09:00:00
639,1651564800000,38593.465420277455,964.7273308200031,23380,btc-usd,2022-05-03 08:00:00
640,1651561200000,38486.47187078041,998.4308491099991,23054,btc-usd,2022-05-03 07:00:00
641,1651557600000,38516.53268994244,1037.7503915100026,22794,btc-usd,2022-05-03 06:00:00
642,1651554000000,38458.26507354937,968.8350054800012,23543,btc-usd,2022-05-03 05:00:00
643,1651550400000,38480.52305509159,1176.2142537999953,21990,btc-usd,2022-05-03 04:00:00
644,1651546800000,38508.58559350288,1341.7523336699983,27461,btc-usd,2022-05-03 03:00:00
645,1651543200000,38450.84832766437,1357.7002490800003,32984,btc-usd,2022-05-03 02:00:00
646,1651539600000,38422.84707547591,1046.3159592199995,29112,btc-usd,2022-05-03 01:00:00
647,1651536000000,38468.36852643495,1271.4576874899972,32310,btc-usd,2022-05-03 00:00:00
648,1651532400000,38608.47241412528,1444.360904319978,33443,btc-usd,2022-05-02 23:00:00
649,1651528800000,38685.60044113711,1939.7102763099936,40902,btc-usd,2022-05-02 22:00:00
650,1651525200000,38515.63296147055,2564.059408639978,41725,btc-usd,2022-05-02 21:00:00
651,1651521600000,38419.50769875854,2019.6030978399983,34450,btc-usd,2022-05-02 20:00:00
652,1651518000000,38394.46376497769,4074.629527069971,61971,btc-usd,2022-05-02 19:00:00
653,1651514400000,38223.94603726637,3966.2101513699877,69928,btc-usd,2022-05-02 18:00:00
654,1651510800000,38394.5600434821,3627.527247849977,62056,btc-usd,2022-05-02 17:00:00
655,1651507200000,38674.60165077486,2752.6762244899774,55794,btc-usd,2022-05-02 16:00:00
656,1651503600000,38730.71327344902,2825.527008069981,57870,btc-usd,2022-05-02 15:00:00
657,1651500000000,38874.86032216301,4078.5838222299444,76694,btc-usd,2022-05-02 14:00:00
658,1651496400000,38758.14318360335,5074.511317209905,93578,btc-usd,2022-05-02 13:00:00
659,1651492800000,38548.60455802199,1532.7885771999954,35170,btc-usd,2022-05-02 12:00:00
660,1651489200000,38599.71784089704,1464.6505527699983,32569,btc-usd,2022-05-02 11:00:00
661,1651485600000,38771.38176628499,1046.005569440005,27625,btc-usd,2022-05-02 10:00:00
662,1651482000000,38915.80112398956,875.6494212700048,26617,btc-usd,2022-05-02 09:00:00
663,1651478400000,38896.030598696125,1226.266380290002,28108,btc-usd,2022-05-02 08:00:00
664,1651474800000,38967.78973690518,1075.5303916100033,26512,btc-usd,2022-05-02 07:00:00
665,1651471200000,39032.45323111973,1428.6060747800004,27164,btc-usd,2022-05-02 06:00:00
666,1651467600000,38978.41559526412,1915.0068401700025,29358,btc-usd,2022-05-02 05:00:00
667,1651464000000,38848.153579615275,2065.6554661900045,38206,btc-usd,2022-05-02 04:00:00
668,1651460400000,38669.91919624334,804.0678630400027,25371,btc-usd,2022-05-02 03:00:00
669,1651456800000,38503.08497752091,973.9888692500025,29925,btc-usd,2022-05-02 02:00:00
670,1651453200000,38633.09480632446,1131.2305542999918,29004,btc-usd,2022-05-02 01:00:00
671,1651449600000,38684.69522035372,2317.152749020007,44503,btc-usd,2022-05-02 00:00:00
672,1651446000000,38476.575126758886,1726.3149945299988,40936,btc-usd,2022-05-01 23:00:00
673,1651442400000,38343.474856761146,1756.9903435699857,43589,btc-usd,2022-05-01 22:00:00
674,1651438800000,38279.43238737979,1840.0014775799982,39228,btc-usd,2022-05-01 21:00:00
675,1651435200000,37957.74058900316,2094.5706061100022,40937,btc-usd,2022-05-01 20:00:00
676,1651431600000,37848.45956810513,1935.7682295499815,44485,btc-usd,2022-05-01 19:00:00
677,1651428000000,38192.25413334037,2136.3261926699997,43567,btc-usd,2022-05-01 18:00:00
678,1651424400000,38458.16149980166,1236.8805005500035,32463,btc-usd,2022-05-01 17:00:00
679,1651420800000,38565.47122051491,1499.9706349199835,43772,btc-usd,2022-05-01 16:00:00
680,1651417200000,38317.7484951993,2331.493251269985,47764,btc-usd,2022-05-01 15:00:00
681,1651413600000,37972.493205096915,636.0594911400004,23787,btc-usd,2022-05-01 14:00:00
682,1651410000000,37975.47992293835,346.4303292500007,22058,btc-usd,2022-05-01 13:00:00
683,1651406400000,37938.97644690394,463.73847923000204,21666,btc-usd,2022-05-01 12:00:00
684,1651402800000,37988.80618391484,495.3647304100009,18190,btc-usd,2022-05-01 11:00:00
685,1651399200000,38041.612225057965,492.51959199000106,16828,btc-usd,2022-05-01 10:00:00
686,1651395600000,37944.316924104765,595.0289773600014,17410,btc-usd,2022-05-01 09:00:00
687,1651392000000,38023.6531911616,396.1915587800007,16517,btc-usd,2022-05-01 08:00:00
688,1651388400000,37962.10928990652,380.55564514000105,15505,btc-usd,2022-05-01 07:00:00
689,1651384800000,38063.12290773845,385.072860550002,16250,btc-usd,2022-05-01 06:00:00
690,1651381200000,38085.98342098986,737.0596791899977,21634,btc-usd,2022-05-01 05:00:00
691,1651377600000,37982.848387782054,614.6075435500028,20456,btc-usd,2022-05-01 04:00:00
692,1651374000000,37976.05171194069,677.3974511299998,23261,btc-usd,2022-05-01 03:00:00
693,1651370400000,37915.74890729025,855.881061220002,30291,btc-usd,2022-05-01 02:00:00
694,1651366800000,37712.931892439105,2420.7793016499845,55257,btc-usd,2022-05-01 01:00:00
695,1651363200000,37666.623424997815,1978.8625995299803,50226,btc-usd,2022-05-01 00:00:00
